metric,value
RMSE_deg,3.279778
MAE_deg,2.974918
MSE_deg2,10.756942
RMSE_rad,0.05724292
MSE_rad2,0.00327675
